월곡방면,돌곶이방면,월곡방면,돌곶이방면
평일,평일,주말,주말
05:32첫,05:35첫,05:32첫,05:35첫
상월곡응암순환,안암신내,상월곡응암순환,안암신내
5:38,5:49,5:38,5:49
봉화산응암순환,한강진신내,봉화산응암순환,한강진신내
5:45,-,5:48,-
봉화산응암순환,-,봉화산응암순환,-
5:52,-,5:57,-
신내응암순환,-,신내응암순환,-
5:59,-,6:05,6:02
봉화산응암순환,-,봉화산응암순환,공덕신내
6:06,6:02,6:14,6:16
봉화산응암순환,공덕신내,신내응암순환,새절신내
6:13,6:16,6:23,6:27
신내응암순환,새절신내,신내응암순환,독바위봉화산
6:19,6:27,6:32,6:38
봉화산응암순환,독바위봉화산,봉화산응암순환,응암신내
6:25,6:38,6:41,6:49
신내응암순환,응암신내,신내응암순환,응암봉화산
6:31,6:49,6:50,6:58
봉화산응암순환,응암봉화산,봉화산응암순환,응암신내
6:37,6:59,6:59,-
봉화산응암순환,응암신내,신내응암순환,-
6:42,-,7:08,7:07
신내응암순환,-,봉화산응암순환,응암봉화산
6:47,-,7:17,7:14
봉화산응암순환,-,신내응암순환,응암신내
6:52,-,7:26,7:22
봉화산응암순환,-,봉화산응암순환,응암봉화산
6:57,-,7:35,7:29
봉화산응암순환,-,신내응암순환,응암봉화산
7:01,7:07,7:44,7:38
신내응암순환,응암봉화산,봉화산응암순환,응암신내
7:06,7:14,7:53,7:47
봉화산응암순환,응암신내,신내응암순환,응암봉화산
7:10,7:22,-,7:55
봉화산응암순환,응암봉화산,-,응암봉화산
7:14,7:29,8:02,8:04
봉화산응암순환,응암신내,봉화산응암순환,응암신내
7:18,7:36,8:11,8:13
신내응암순환,응암봉화산,봉화산응암순환,응암봉화산
7:21,7:43,8:20,8:22
봉화산응암순환,응암신내,신내응암순환,응암봉화산
7:25,7:50,8:29,8:31
봉화산응암순환,응암봉화산,봉화산응암순환,응암신내
7:29,7:57,8:38,8:40
봉화산응암순환,응암신내,봉화산응암순환,응암봉화산
7:34,-,8:47,8:49
신내응암순환,-,신내응암순환,응암봉화산
7:38,-,8:56,8:58
봉화산응암순환,-,봉화산응암순환,응암신내
7:42,-,9:05,9:07
봉화산응암순환,-,봉화산응암순환,응암봉화산
7:46,-,9:14,9:16
봉화산응암순환,-,신내응암순환,응암봉화산
7:50,-,9:23,9:25
신내응암순환,-,봉화산응암순환,응암신내
7:54,-,9:32,9:34
봉화산응암순환,-,봉화산응암순환,응암봉화산
7:58,-,9:41,9:43
봉화산응암순환,-,신내응암순환,응암봉화산
8:01,8:04,9:50,9:52
봉화산응암순환,응암봉화산,봉화산응암순환,응암신내
8:05,8:10,9:59,-
신내응암순환,응암봉화산,봉화산응암순환,-
8:09,8:16,10:08,10:01
봉화산응암순환,응암신내,신내응암순환,응암봉화산
8:13,8:22,10:17,10:10
봉화산응암순환,응암봉화산,봉화산응암순환,응암봉화산
8:17,8:25,10:26,10:19
봉화산응암순환,새절봉화산,봉화산응암순환,응암신내
8:22,8:29,10:35,10:28
신내응암순환,응암봉화산,신내응암순환,응암봉화산
8:26,8:33,10:44,10:37
봉화산응암순환,응암신내,봉화산응암순환,응암봉화산
8:31,8:38,10:53,10:46
봉화산응암순환,응암봉화산,봉화산응암순환,응암신내
8:35,8:42,-,10:55
봉화산새절,응암봉화산,-,응암봉화산
8:40,8:47,11:02,11:04
신내응암순환,응암봉화산,신내응암순환,응암봉화산
8:46,8:51,11:11,11:13
봉화산응암순환,응암봉화산,봉화산응암순환,응암신내
8:51,8:56,11:20,11:22
봉화산응암순환,응암신내,봉화산응암순환,응암봉화산
8:57,-,11:29,11:31
신내응암순환,-,신내응암순환,응암봉화산
9:04,9:00,11:38,11:40
봉화산응암순환,응암봉화산,봉화산응암순환,응암신내
9:11,9:04,11:47,11:49
봉화산응암순환,응암봉화산,봉화산응암순환,응암봉화산
9:19,9:08,11:56,11:58
신내응암순환,응암봉화산,신내응암순환,응암봉화산
9:27,9:12,12:05,12:07
봉화산응암순환,응암봉화산,봉화산응암순환,응암신내
9:35,9:16,12:14,12:16
봉화산응암순환,응암봉화산,봉화산응암순환,응암봉화산
9:43,9:20,12:23,12:25
신내응암순환,응암신내,신내응암순환,응암봉화산
9:51,9:24,12:32,12:34
봉화산응암순환,응암봉화산,봉화산응암순환,응암신내
9:59,9:28,12:41,12:43
봉화산응암순환,응암봉화산,봉화산응암순환,응암봉화산
-,9:32,12:50,12:52
-,응암봉화산,신내응암순환,응암봉화산
-,9:36,12:59,-
-,응암봉화산,봉화산응암순환,-
-,9:40,13:08,13:01
-,응암봉화산,봉화산응암순환,응암신내
-,9:44,13:17,13:10
-,응암신내,신내응암순환,응암봉화산
-,9:48,13:26,13:19
-,응암봉화산,봉화산응암순환,응암봉화산
-,9:52,13:35,13:28
-,응암봉화산,봉화산응암순환,응암신내
-,9:56,13:44,13:37
-,응암봉화산,신내응암순환,응암봉화산
10:07,10:00,13:53,13:46
신내응암순환,응암봉화산,봉화산응암순환,응암봉화산
10:15,10:04,-,13:55
봉화산응암순환,응암봉화산,-,응암신내
10:23,10:08,14:02,14:04
봉화산응암순환,응암신내,봉화산응암순환,응암봉화산
10:31,10:12,14:11,14:13
신내응암순환,응암봉화산,신내응암순환,응암봉화산
10:39,10:17,14:20,14:22
봉화산응암순환,응암봉화산,봉화산응암순환,응암신내
10:47,10:23,14:29,14:31
봉화산응암순환,응암봉화산,봉화산응암순환,응암봉화산
10:55,10:31,14:38,14:40
신내응암순환,응암신내,신내응암순환,응암봉화산
-,10:36,14:47,14:49
-,응암봉화산,봉화산응암순환,응암신내
-,10:42,14:56,14:58
-,응암봉화산,봉화산응암순환,응암봉화산
-,10:48,15:05,15:07
-,응암봉화산,신내응암순환,응암봉화산
-,10:55,15:14,15:16
-,응암신내,봉화산응암순환,응암신내
11:03,11:02,15:23,15:25
봉화산응암순환,응암봉화산,봉화산응암순환,응암봉화산
11:11,11:10,15:32,15:34
봉화산응암순환,응암봉화산,신내응암순환,응암봉화산
11:19,11:18,15:41,15:43
신내응암순환,응암신내,봉화산응암순환,응암신내
11:27,11:26,15:50,15:52
봉화산응암순환,응암봉화산,봉화산응암순환,응암봉화산
11:35,11:34,15:59,-
봉화산응암순환,응암봉화산,신내응암순환,-
11:43,11:42,16:08,16:01
신내응암순환,응암신내,봉화산응암순환,응암봉화산
11:50,11:50,16:17,16:10
봉화산응암순환,응암봉화산,봉화산응암순환,응암신내
11:58,11:58,16:26,16:19
봉화산응암순환,응암봉화산,신내응암순환,응암봉화산
12:06,12:06,16:35,16:28
신내응암순환,응암신내,봉화산응암순환,응암봉화산
12:14,12:14,16:44,16:37
봉화산응암순환,응암봉화산,봉화산응암순환,응암신내
12:22,12:22,16:53,16:46
봉화산응암순환,응암봉화산,신내응암순환,응암봉화산
12:30,12:30,-,16:55
신내응암순환,응암신내,-,응암봉화산
12:38,12:38,17:02,17:04
봉화산응암순환,응암봉화산,봉화산응암순환,응암신내
12:46,12:46,17:11,17:13
봉화산응암순환,응암봉화산,봉화산응암순환,응암봉화산
12:54,12:54,17:20,17:22
신내응암순환,응암신내,신내응암순환,응암봉화산
13:02,13:02,17:29,17:31
봉화산응암순환,응암봉화산,봉화산응암순환,응암신내
13:10,13:10,17:38,17:40
봉화산응암순환,응암봉화산,봉화산응암순환,응암봉화산
13:18,13:18,17:47,17:49
신내응암순환,응암신내,신내응암순환,응암봉화산
13:26,13:26,17:56,17:58
봉화산응암순환,응암봉화산,봉화산응암순환,응암신내
13:34,13:33,18:05,18:07
봉화산응암순환,응암봉화산,봉화산응암순환,응암봉화산
13:42,13:41,18:14,18:16
신내응암순환,응암신내,신내응암순환,응암봉화산
13:50,13:49,18:23,18:25
봉화산응암순환,응암봉화산,봉화산응암순환,응암신내
13:58,13:57,18:32,18:34
봉화산응암순환,응암봉화산,봉화산응암순환,응암봉화산
14:06,14:05,18:41,18:43
신내응암순환,응암신내,신내응암순환,응암봉화산
14:13,14:13,18:50,18:52
봉화산응암순환,응암봉화산,봉화산응암순환,응암신내
14:21,14:21,18:59,-
봉화산응암순환,응암봉화산,봉화산응암순환,-
14:29,14:29,19:08,19:01
신내응암순환,응암신내,신내응암순환,응암봉화산
14:37,14:37,19:17,19:10
봉화산응암순환,응암봉화산,봉화산응암순환,응암봉화산
14:45,14:45,19:26,19:19
봉화산응암순환,응암봉화산,봉화산응암순환,응암신내
14:53,14:53,19:35,19:28
신내응암순환,응암신내,신내응암순환,응암봉화산
15:01,15:01,19:44,19:37
봉화산응암순환,응암봉화산,봉화산응암순환,응암봉화산
15:09,15:09,19:53,19:46
봉화산응암순환,응암봉화산,봉화산응암순환,응암신내
15:17,15:17,-,19:55
신내응암순환,응암신내,-,응암봉화산
15:25,15:25,20:02,20:04
봉화산응암순환,응암봉화산,신내응암순환,응암봉화산
15:33,15:33,20:11,20:13
봉화산응암순환,응암봉화산,봉화산응암순환,응암신내
15:41,15:41,20:20,20:22
신내응암순환,응암신내,봉화산응암순환,응암봉화산
15:49,15:49,20:29,20:31
봉화산응암순환,응암봉화산,신내응암순환,응암봉화산
15:57,15:56,20:38,20:40
봉화산응암순환,응암봉화산,봉화산응암순환,응암신내
16:05,16:04,20:48,20:49
신내응암순환,응암신내,봉화산응암순환,응암봉화산
16:14,16:12,20:58,20:58
봉화산응암순환,응암봉화산,신내응암순환,응암봉화산
16:21,16:20,21:08,21:07
봉화산응암순환,응암봉화산,봉화산응암순환,응암신내
16:27,16:28,21:18,21:16
신내응암순환,응암신내,봉화산응암순환,응암봉화산
16:33,16:36,21:28,21:25
봉화산응암순환,응암봉화산,신내응암순환,응암봉화산
16:39,16:44,21:38,21:34
봉화산응암순환,응암봉화산,봉화산응암순환,응암신내
16:44,16:52,21:48,21:43
봉화산응암순환,응암신내,봉화산응암순환,응암봉화산
16:50,-,21:58,21:52
신내응암순환,-,신내응암순환,응암봉화산
16:56,-,22:08,22:01
봉화산응암순환,-,봉화산응암순환,응암신내
17:02,17:00,22:19,22:10
봉화산응암순환,응암봉화산,신내응암순환,응암봉화산
17:08,17:08,22:30,22:19
봉화산응암순환,응암봉화산,봉화산응암순환,응암신내
17:14,17:16,22:41,22:28
신내응암순환,응암신내,신내응암순환,응암봉화산
17:20,17:24,22:53막,22:38
봉화산응암순환,응암봉화산,봉화산응암순환,응암봉화산
17:26,17:32,-,22:48
봉화산응암순환,응암봉화산,-,응암신내
17:32,17:40,-,22:58
봉화산응암순환,응암신내,-,응암봉화산
17:38,17:48,23:05막,23:08
신내응암순환,응암봉화산,신내독바위,응암봉화산
17:44,17:56,23:16막,23:18
봉화산응암순환,응암신내,봉화산응암,응암신내
17:50,-,23:27막,23:28
봉화산응암순환,-,신내대흥,응암봉화산
17:56,-,23:38막,23:38막
봉화산응암순환,-,봉화산공덕,응암신내
18:02,18:04,23:49막,23:48
신내응암순환,응암봉화산,봉화산한강진,응암봉화산
18:07,18:11,-,23:58막
봉화산응암순환,응암신내,-,응암봉화산
18:12,18:17,00:00막,-
봉화산응암순환,응암봉화산,신내안암,-
18:17,18:23,-,-
신내응암순환,응암봉화산,-,-
18:22,18:29,-,-
봉화산응암순환,응암신내,-,-
18:27,18:35,-,-
봉화산응암순환,응암봉화산,-,-
18:33,18:41,-,-
신내응암순환,응암봉화산,-,-
18:39,18:47,-,-
봉화산응암순환,응암신내,-,-
18:45,18:53,-,-
봉화산응암순환,응암봉화산,-,-
18:51,18:59,-,-
신내응암순환,응암봉화산,-,-
18:58,-,-,-
봉화산응암순환,-,-,-
19:04,19:05,-,-
봉화산응암순환,응암봉화산,-,-
19:11,19:11,-,-
신내응암순환,응암신내,-,-
19:18,19:17,-,-
봉화산응암순환,응암봉화산,-,-
19:25,19:23,-,-
봉화산응암순환,응암봉화산,-,-
19:32,19:29,-,-
신내응암순환,응암신내,-,-
19:39,19:35,-,-
봉화산응암순환,응암봉화산,-,-
19:46,19:41,-,-
봉화산응암순환,응암봉화산,-,-
19:53,19:47,-,-
신내응암순환,응암봉화산,-,-
-,19:52,-,-
-,응암신내,-,-
-,19:58,-,-
-,응암봉화산,-,-
20:00,20:03,-,-
봉화산응암순환,응암봉화산,-,-
20:07,20:08,-,-
봉화산응암순환,응암신내,-,-
20:15,20:13,-,-
신내응암순환,응암봉화산,-,-
20:23,20:18,-,-
봉화산응암순환,응암봉화산,-,-
20:31,20:24,-,-
신내응암순환,응암봉화산,-,-
20:39,20:30,-,-
봉화산응암순환,응암봉화산,-,-
20:47,20:36,-,-
봉화산응암순환,응암신내,-,-
20:55,20:42,-,-
신내응암순환,응암봉화산,-,-
-,20:48,-,-
-,응암신내,-,-
-,20:55,-,-
-,응암봉화산,-,-
21:04,21:02,-,-
봉화산응암순환,응암봉화산,-,-
21:12,21:09,-,-
신내응암순환,응암신내,-,-
21:20,21:16,-,-
봉화산응암순환,응암봉화산,-,-
21:29,21:23,-,-
신내응암순환,응암봉화산,-,-
21:38,21:30,-,-
봉화산응암순환,응암신내,-,-
21:46,21:37,-,-
봉화산응암순환,응암봉화산,-,-
21:54,21:44,-,-
신내응암순환,응암봉화산,-,-
-,21:51,-,-
-,응암신내,-,-
-,21:58,-,-
-,응암봉화산,-,-
22:03,22:06,-,-
봉화산응암순환,응암봉화산,-,-
22:12,22:14,-,-
신내응암순환,응암봉화산,-,-
22:21,22:22,-,-
봉화산응암순환,응암신내,-,-
22:31,22:30,-,-
봉화산응암순환,응암봉화산,-,-
22:41,22:38,-,-
신내응암순환,응암신내,-,-
22:52,22:45,-,-
봉화산응암순환,응암봉화산,-,-
-,22:54,-,-
-,응암신내,-,-
23:00,23:02,-,-
신내응암순환,응암봉화산,-,-
23:08,23:11,-,-
봉화산응암순환,응암신내,-,-
23:18,23:20,-,-
신내응암순환,응암봉화산,-,-
23:27,23:29,-,-
봉화산독바위,응암신내,-,-
23:36,23:37,-,-
신내응암순환,응암봉화산,-,-
23:52막,23:44,-,-
신내응암순환,응암신내,-,-
-,23:53,-,-
-,응암봉화산,-,-
00:08막,0:03,-,-
신내새절,응암봉화산,-,-
00:27막,0:11,-,-
신내공덕,응암신내,-,-
00:41막,0:21,-,-
봉화산한강진,응암봉화산,-,-
00:56막,00:31막,-,-
신내안암,응암신내,-,-
-,0:42,-,-
-,응암봉화산,-,-
-,00:51막,-,-
-,응암봉화산,-,-
