가락시장방면,장지방면,가락시장방면,장지방면
평일,평일,주말,주말
05:47첫,05:27첫,05:47첫,05:27첫
모란암사,가락시장모란,모란암사,가락시장모란
5:57,5:45,5:57,5:45
모란암사,암사모란,모란암사,암사모란
,5:55,,5:55
,암사모란,,암사모란
6:07,6:05,6:07,6:05
모란암사,암사모란,모란암사,암사모란
6:17,6:15,6:16,6:15
모란암사,암사모란,모란암사,암사모란
6:27,6:25,6:25,6:25
모란암사,암사모란,모란암사,암사모란
6:36,6:35,6:34,6:35
모란암사,암사모란,모란암사,암사모란
6:45,6:45,6:43,6:45
모란암사,암사모란,모란암사,암사모란
6:52,6:55,6:52,6:55
모란암사,암사모란,모란암사,암사모란
6:59,,7:01,7:04
모란암사,,모란암사,암사모란
7:05,7:05,7:10,7:13
모란암사,암사모란,모란암사,암사모란
7:11,7:14,7:19,7:22
모란암사,암사모란,모란암사,암사모란
7:17,7:23,7:28,7:31
모란암사,암사모란,모란암사,암사모란
7:22,7:30,7:37,7:40
모란암사,암사모란,모란암사,암사모란
7:27,7:37,7:46,7:48
모란암사,암사모란,모란암사,암사모란
7:32,7:43,7:55,7:57
모란암사,암사모란,모란암사,암사모란
7:37,7:49,8:04,8:06
모란암사,암사모란,모란암사,암사모란
7:42,7:55,8:13,8:15
모란암사,암사모란,모란암사,암사모란
7:47,,8:22,8:24
모란암사,,모란암사,암사모란
7:52,,8:31,8:33
모란암사,,모란암사,암사모란
7:57,,8:40,8:42
모란암사,,모란암사,암사모란
8:01,8:00,8:49,8:51
모란암사,암사모란,모란암사,암사모란
8:06,8:05,8:58,
모란암사,암사모란,모란암사,
8:10,8:10,9:07,9:00
모란암사,암사모란,모란암사,암사모란
8:15,8:15,9:16,9:09
모란암사,암사모란,모란암사,암사모란
8:19,8:20,9:25,9:18
모란암사,암사모란,모란암사,암사모란
8:24,8:25,9:34,9:27
모란암사,암사모란,모란암사,암사모란
8:29,8:30,9:43,9:36
모란암사,암사모란,모란암사,암사모란
8:35,8:35,9:52,9:45
모란암사,암사모란,모란암사,암사모란
8:41,8:40,,9:54
모란암사,암사모란,,암사모란
8:47,8:44,10:01,10:03
모란암사,암사모란,모란암사,암사모란
8:54,8:49,10:10,10:12
모란암사,암사모란,모란암사,암사모란
,8:53,10:19,10:21
,암사모란,모란암사,암사모란
,8:58,10:28,10:30
,암사모란,모란암사,암사모란
9:02,9:03,10:37,10:39
모란암사,암사모란,모란암사,암사모란
9:09,9:09,10:46,10:48
모란암사,암사모란,모란암사,암사모란
9:17,9:15,10:55,10:57
모란암사,암사모란,모란암사,암사모란
9:25,9:21,11:04,11:06
모란암사,암사모란,모란암사,암사모란
9:33,9:27,11:13,11:15
모란암사,암사모란,모란암사,암사모란
9:41,9:34,11:22,11:24
모란암사,암사모란,모란암사,암사모란
9:49,9:41,11:31,11:33
모란암사,암사모란,모란암사,암사모란
9:57,9:48,11:40,11:42
모란암사,암사모란,모란암사,암사모란
,9:55,11:49,11:51
,암사모란,모란암사,암사모란
10:06,10:03,11:58,
모란암사,암사모란,모란암사,
10:14,10:11,12:07,12:00
모란암사,암사모란,모란암사,암사모란
10:23,10:19,12:16,12:09
모란암사,암사모란,모란암사,암사모란
10:31,10:28,12:25,12:18
모란암사,암사모란,모란암사,암사모란
10:40,10:36,12:34,12:27
모란암사,암사모란,모란암사,암사모란
10:48,10:45,12:43,12:36
모란암사,암사모란,모란암사,암사모란
10:57,10:53,12:52,12:45
모란암사,암사모란,모란암사,암사모란
11:05,11:02,,12:54
모란암사,암사모란,,암사모란
11:14,11:10,13:01,13:03
모란암사,암사모란,모란암사,암사모란
11:22,11:19,13:10,13:12
모란암사,암사모란,모란암사,암사모란
11:31,11:27,13:19,13:21
모란암사,암사모란,모란암사,암사모란
11:39,11:36,13:28,13:30
모란암사,암사모란,모란암사,암사모란
11:48,11:44,13:37,13:39
모란암사,암사모란,모란암사,암사모란
11:56,11:53,13:46,13:48
모란암사,암사모란,모란암사,암사모란
12:05,12:01,13:55,13:57
모란암사,암사모란,모란암사,암사모란
12:13,12:10,14:04,14:06
모란암사,암사모란,모란암사,암사모란
12:22,12:18,14:13,14:15
모란암사,암사모란,모란암사,암사모란
12:30,12:27,14:22,14:24
모란암사,암사모란,모란암사,암사모란
12:39,12:35,14:31,14:33
모란암사,암사모란,모란암사,암사모란
12:47,12:44,14:40,14:42
모란암사,암사모란,모란암사,암사모란
12:56,12:52,14:49,14:51
모란암사,암사모란,모란암사,암사모란
13:04,13:01,14:58,
모란암사,암사모란,모란암사,
13:13,13:09,15:07,15:00
모란암사,암사모란,모란암사,암사모란
13:21,13:18,15:16,15:09
모란암사,암사모란,모란암사,암사모란
13:30,13:26,15:25,15:18
모란암사,암사모란,모란암사,암사모란
13:38,13:35,15:34,15:27
모란암사,암사모란,모란암사,암사모란
13:47,13:43,15:43,15:36
모란암사,암사모란,모란암사,암사모란
13:55,13:52,15:52,15:45
모란암사,암사모란,모란암사,암사모란
14:04,14:00,,15:54
모란암사,암사모란,,암사모란
14:12,14:09,16:01,16:03
모란암사,암사모란,모란암사,암사모란
14:21,14:17,16:10,16:12
모란암사,암사모란,모란암사,암사모란
14:29,14:26,16:19,16:21
모란암사,암사모란,모란암사,암사모란
14:38,14:34,16:28,16:30
모란암사,암사모란,모란암사,암사모란
14:46,14:43,16:37,16:39
모란암사,암사모란,모란암사,암사모란
14:55,14:51,16:46,16:48
모란암사,암사모란,모란암사,암사모란
15:03,15:00,16:55,16:57
모란암사,암사모란,모란암사,암사모란
15:12,15:08,17:04,17:06
모란암사,암사모란,모란암사,암사모란
15:20,15:17,17:13,17:15
모란암사,암사모란,모란암사,암사모란
15:29,15:25,17:22,17:24
모란암사,암사모란,모란암사,암사모란
15:37,15:34,17:31,17:33
모란암사,암사모란,모란암사,암사모란
15:46,15:42,17:40,17:42
모란암사,암사모란,모란암사,암사모란
15:54,15:51,17:49,17:51
모란암사,암사모란,모란암사,암사모란
,15:59,17:58,
,암사모란,모란암사,
16:03,16:08,18:07,18:00
모란암사,암사모란,모란암사,암사모란
16:11,16:16,18:16,18:09
모란암사,암사모란,모란암사,암사모란
16:20,16:25,18:25,18:18
모란암사,암사모란,모란암사,암사모란
16:28,16:33,18:34,18:27
모란암사,암사모란,모란암사,암사모란
16:37,16:42,18:43,18:36
모란암사,암사모란,모란암사,암사모란
16:45,16:50,18:52,18:45
모란암사,암사모란,모란암사,암사모란
16:54,16:59,,18:54
모란암사,암사모란,,암사모란
17:02,17:07,19:01,19:03
모란암사,암사모란,모란암사,암사모란
17:11,17:16,19:10,19:12
모란암사,암사모란,모란암사,암사모란
17:19,17:24,19:19,19:21
모란암사,암사모란,모란암사,암사모란
17:27,17:33,19:28,19:30
모란암사,암사모란,모란암사,암사모란
17:34,17:41,19:37,19:39
모란암사,암사모란,모란암사,암사모란
17:41,17:50,19:46,19:48
모란암사,암사모란,모란암사,암사모란
17:47,17:58,19:55,19:57
모란암사,암사모란,모란암사,암사모란
17:52,,20:04,20:06
모란암사,,모란암사,암사모란
17:57,,20:13,20:15
모란암사,,모란암사,암사모란
18:02,18:06,20:22,20:24
모란암사,암사모란,모란암사,암사모란
18:07,18:13,20:31,20:33
모란암사,암사모란,모란암사,암사모란
18:13,18:20,20:40,20:42
모란암사,암사모란,모란암사,암사모란
18:19,18:26,20:49,20:51
모란암사,암사모란,모란암사,암사모란
18:25,18:31,20:58,
모란암사,암사모란,모란암사,
18:31,18:36,21:07,21:00
모란암사,암사모란,모란암사,암사모란
18:37,18:41,21:16,21:09
모란암사,암사모란,모란암사,암사모란
18:43,18:46,21:25,21:18
모란암사,암사모란,모란암사,암사모란
18:49,18:52,21:35,21:27
모란암사,암사모란,모란암사,암사모란
18:55,18:58,21:45,21:36
모란암사,암사모란,모란암사,암사모란
19:01,19:04,21:55,21:45
모란암사,암사모란,모란암사,암사모란
19:07,19:10,,21:54
모란암사,암사모란,,암사모란
19:13,19:16,22:05,22:03
모란암사,암사모란,모란암사,암사모란
19:20,19:22,22:15,22:13
모란암사,암사모란,모란암사,암사모란
19:27,19:28,22:26,22:23
모란암사,암사모란,모란암사,암사모란
19:34,19:34,22:37,22:33
모란암사,암사모란,모란암사,암사모란
19:41,19:40,22:48,22:43
모란암사,암사모란,모란암사,암사모란
19:48,19:46,,22:53
모란암사,암사모란,,암사모란
19:55,19:52,23:00,23:04
모란암사,암사모란,모란암사,암사모란
,19:59,23:12,23:15
,암사모란,모란암사,암사모란
20:02,20:06,23:24,23:26
모란암사,암사모란,모란암사,암사모란
20:09,20:13,23:36,23:38
모란암사,암사모란,모란암사,암사모란
20:17,20:19,23:49막,23:50막
모란암사,암사모란,모란암사,암사모란
20:25,20:26,00:00막,
모란암사,암사모란,모란잠실,
20:33,20:33,,
모란암사,암사모란,,
20:41,20:40,,
모란암사,암사모란,,
20:50,20:47,,
모란암사,암사모란,,
20:59,20:55,,
모란암사,암사모란,,
21:08,21:03,,
모란암사,암사모란,,
21:17,21:11,,
모란암사,암사모란,,
21:26,21:20,,
모란암사,암사모란,,
21:35,21:29,,
모란암사,암사모란,,
21:44,21:38,,
모란암사,암사모란,,
21:53,21:47,,
모란암사,암사모란,,
,21:56,,
,암사모란,,
22:02,22:05,,
모란암사,암사모란,,
22:12,22:15,,
모란암사,암사모란,,
22:22,22:25,,
모란암사,암사모란,,
22:32,22:35,,
모란암사,암사모란,,
22:42,22:45,,
모란암사,암사모란,,
22:54,22:55,,
모란암사,암사모란,,
23:09,23:05,,
모란암사,암사모란,,
23:24,23:15,,
모란암사,암사모란,,
23:39,23:25,,
모란암사,암사모란,,
23:54,23:40,,
모란암사,암사모란,,
,23:55,,
,암사모란,,
0:10,0:10,,
모란암사,암사모란,,
0:26,0:28,,
모란암사,암사모란,,
00:45막,00:45막,,
모란암사,암사모란,,
00:52막,,,
모란잠실,,,
