오목교방면,영등포구청방면,오목교방면,영등포구청방면
평일,평일,주말,주말
05:37첫,05:39첫,05:37첫,05:39첫
여의도방화,화곡하남검단산,여의도방화,화곡하남검단산
5:51,05:46첫,5:51,05:46첫
애오개방화,화곡마천,애오개방화,화곡마천
,5:54,,5:54
,방화하남검단산,,방화하남검단산
6:03,6:01,6:03,6:01
왕십리방화,방화마천,왕십리방화,방화마천
6:13,6:08,6:13,6:09
군자방화,방화하남검단산,군자방화,방화하남검단산
6:21,6:15,6:21,6:16
강동방화,방화마천,강동방화,방화마천
6:29,6:22,6:29,6:23
상일동방화,방화하남검단산,상일동방화,방화하남검단산
6:34,6:28,6:37,6:30
마천방화,방화마천,마천방화,방화마천
6:42,6:35,6:45,6:37
하남검단산방화,방화하남검단산,하남검단산방화,방화하남검단산
6:48,6:41,6:52,6:44
마천방화,방화마천,마천방화,방화마천
6:53,6:47,6:59,6:51
상일동방화,방화하남검단산,상일동방화,방화하남검단산
6:59,6:52,,6:58
마천방화,방화마천,,방화마천
,6:58,7:06,7:05
,방화하남검단산,마천방화,방화하남검단산
7:05,7:04,7:13,7:12
하남검단산방화,방화마천,하남검단산방화,방화마천
7:11,7:09,7:20,7:19
마천방화,방화하남검단산,마천방화,방화하남검단산
7:17,7:14,7:27,7:26
상일동방화,방화마천,상일동방화,방화마천
7:22,7:19,7:34,7:32
마천방화,방화하남검단산,마천방화,방화하남검단산
7:28,7:24,7:41,7:39
하남검단산방화,방화마천,하남검단산방화,방화마천
7:33,7:28,7:48,7:45
마천방화,방화하남검단산,마천방화,방화하남검단산
7:38,7:33,7:55,7:52
상일동방화,방화마천,하남검단산방화,방화마천
7:43,7:37,,7:58
마천방화,방화하남검단산,,방화하남검단산
7:48,7:42,8:02,8:05
하남검단산방화,방화마천,마천방화,방화마천
7:53,7:47,8:08,8:11
마천방화,방화상일동,하남검단산방화,방화하남검단산
7:58,7:51,8:15,8:18
하남검단산방화,방화마천,마천방화,방화마천
,7:55,8:21,8:24
,방화하남검단산,하남검단산방화,방화하남검단산
,7:59,8:28,8:31
,방화마천,마천방화,방화마천
8:02,8:03,8:34,8:37
마천방화,방화하남검단산,하남검단산방화,방화하남검단산
8:07,8:07,8:41,8:44
하남검단산방화,방화마천,마천방화,방화마천
8:11,8:10,8:47,8:50
마천방화,방화상일동,하남검단산방화,방화하남검단산
8:16,8:14,8:54,8:57
상일동방화,방화마천,마천방화,방화마천
8:20,8:17,9:00,9:03
마천방화,방화하남검단산,하남검단산방화,방화하남검단산
8:24,8:21,9:07,9:10
하남검단산방화,방화마천,마천방화,방화마천
8:28,8:24,9:13,9:16
마천방화,방화하남검단산,하남검단산방화,방화하남검단산
8:32,8:27,9:20,9:23
하남검단산방화,방화마천,마천방화,방화마천
8:36,8:29,9:26,9:29
마천방화,방화상일동,하남검단산방화,방화하남검단산
8:39,8:32,9:33,9:36
하남검단산방화,방화마천,마천방화,방화마천
8:42,8:35,9:39,9:42
마천방화,방화하남검단산,하남검단산방화,방화하남검단산
8:46,8:38,9:46,9:49
상일동방화,방화마천,마천방화,방화마천
8:49,8:42,9:52,9:55
마천방화,방화상일동,하남검단산방화,방화하남검단산
8:53,8:45,9:59,
하남검단산방화,방화마천,마천방화,
8:55,8:49,10:05,10:02
마천방화,방화하남검단산,하남검단산방화,방화마천
8:58,8:52,10:12,10:08
하남검단산방화,방화마천,마천방화,방화하남검단산
,8:56,10:18,10:15
,방화하남검단산,하남검단산방화,방화마천
9:00,9:00,10:25,10:21
마천방화,방화마천,마천방화,방화하남검단산
9:03,9:04,10:31,10:28
상일동방화,방화하남검단산,하남검단산방화,방화마천
9:05,9:08,10:38,10:34
하남검단산방화,방화마천,마천방화,방화하남검단산
9:08,9:12,10:44,10:41
마천방화,방화상일동,하남검단산방화,방화마천
9:10,9:16,10:51,10:47
상일동방화,방화마천,마천방화,방화하남검단산
9:13,9:20,10:57,10:54
마천방화,방화하남검단산,하남검단산방화,방화마천
9:16,9:24,11:04,11:00
하남검단산방화,방화마천,마천방화,방화하남검단산
9:18,9:27,11:10,11:07
상일동방화,방화하남검단산,하남검단산방화,방화마천
9:21,9:32,11:17,11:13
마천방화,방화마천,마천방화,방화하남검단산
9:25,9:36,11:23,11:20
하남검단산방화,방화하남검단산,하남검단산방화,방화마천
9:28,9:41,11:30,11:26
마천방화,방화마천,마천방화,방화하남검단산
9:31,9:46,11:36,11:33
하남검단산방화,방화하남검단산,하남검단산방화,방화마천
9:35,9:51,11:43,11:39
마천방화,방화마천,마천방화,방화하남검단산
9:39,9:56,11:49,11:46
하남검단산방화,방화하남검단산,하남검단산방화,방화마천
9:43,,11:56,11:52
마천방화,,마천방화,방화하남검단산
9:47,,,11:59
하남검단산방화,,,방화마천
9:51,,12:02,12:05
마천방화,,하남검단산방화,방화하남검단산
9:55,,12:09,12:12
하남검단산방화,,마천방화,방화마천
10:00,10:01,12:15,12:18
마천방화,방화마천,하남검단산방화,방화하남검단산
10:04,10:07,12:22,12:25
하남검단산방화,방화하남검단산,마천방화,방화마천
10:10,10:14,12:28,12:31
마천방화,방화마천,하남검단산방화,방화하남검단산
10:14,10:20,12:35,12:38
하남검단산방화,방화하남검단산,마천방화,방화마천
10:20,10:27,12:41,12:44
마천방화,방화마천,하남검단산방화,방화하남검단산
10:25,10:33,12:48,12:51
하남검단산방화,방화하남검단산,마천방화,방화마천
10:30,10:39,12:54,12:57
마천방화,방화마천,하남검단산방화,방화하남검단산
10:35,10:46,13:01,13:04
하남검단산방화,방화하남검단산,마천방화,방화마천
10:41,10:53,13:07,13:10
마천방화,방화마천,하남검단산방화,방화하남검단산
10:47,10:59,13:14,13:17
하남검단산방화,방화하남검단산,마천방화,방화마천
10:52,,13:20,13:23
마천방화,,하남검단산방화,방화하남검단산
10:58,,13:27,13:30
하남검단산방화,,마천방화,방화마천
11:04,11:06,13:33,13:36
마천방화,방화마천,하남검단산방화,방화하남검단산
11:10,11:12,13:40,13:43
하남검단산방화,방화하남검단산,마천방화,방화마천
11:16,11:19,13:46,13:49
마천방화,방화마천,하남검단산방화,방화하남검단산
11:22,11:25,13:53,13:56
하남검단산방화,방화하남검단산,마천방화,방화마천
11:29,11:32,13:59,
마천방화,방화마천,하남검단산방화,
11:35,11:38,14:06,14:02
하남검단산방화,방화하남검단산,마천방화,방화하남검단산
11:42,11:45,14:12,14:09
마천방화,방화마천,하남검단산방화,방화마천
11:48,11:51,14:19,14:15
하남검단산방화,방화하남검단산,마천방화,방화하남검단산
11:55,11:58,14:25,14:22
마천방화,방화마천,하남검단산방화,방화마천
12:01,12:04,14:32,14:28
하남검단산방화,방화하남검단산,마천방화,방화하남검단산
12:08,12:11,14:38,14:35
마천방화,방화마천,하남검단산방화,방화마천
12:14,12:17,14:45,14:41
하남검단산방화,방화하남검단산,마천방화,방화하남검단산
12:21,12:24,14:51,14:48
마천방화,방화마천,하남검단산방화,방화마천
12:27,12:30,14:58,14:54
하남검단산방화,방화하남검단산,마천방화,방화하남검단산
12:34,12:37,15:04,15:01
마천방화,방화마천,하남검단산방화,방화마천
12:40,12:43,15:11,15:07
하남검단산방화,방화하남검단산,마천방화,방화하남검단산
12:47,12:50,15:17,15:14
마천방화,방화마천,하남검단산방화,방화마천
12:53,12:56,15:24,15:20
하남검단산방화,방화하남검단산,마천방화,방화하남검단산
13:00,13:03,15:30,15:27
마천방화,방화마천,하남검단산방화,방화마천
13:06,13:09,15:37,15:33
하남검단산방화,방화하남검단산,마천방화,방화하남검단산
13:13,13:16,15:43,15:40
마천방화,방화마천,하남검단산방화,방화마천
13:19,13:22,15:50,15:46
하남검단산방화,방화하남검단산,마천방화,방화하남검단산
13:26,13:29,15:56,15:53
마천방화,방화마천,하남검단산방화,방화마천
13:32,13:35,,15:59
하남검단산방화,방화하남검단산,,방화하남검단산
13:39,13:42,16:03,16:06
마천방화,방화마천,마천방화,방화마천
13:45,13:48,16:09,16:12
하남검단산방화,방화하남검단산,하남검단산방화,방화하남검단산
13:52,13:55,16:16,16:19
마천방화,방화마천,마천방화,방화마천
13:58,,16:22,16:25
하남검단산방화,,하남검단산방화,방화하남검단산
14:05,14:01,16:29,16:32
마천방화,방화하남검단산,마천방화,방화마천
14:11,14:08,16:35,16:38
하남검단산방화,방화마천,하남검단산방화,방화하남검단산
14:18,14:14,16:42,16:45
마천방화,방화하남검단산,마천방화,방화마천
14:24,14:21,16:48,16:51
하남검단산방화,방화마천,하남검단산방화,방화하남검단산
14:31,14:27,16:55,16:58
마천방화,방화하남검단산,마천방화,방화마천
14:37,14:34,17:01,17:04
하남검단산방화,방화마천,하남검단산방화,방화하남검단산
14:44,14:40,17:08,17:11
마천방화,방화하남검단산,마천방화,방화마천
14:50,14:47,17:14,17:17
하남검단산방화,방화마천,하남검단산방화,방화하남검단산
14:57,14:53,17:21,17:24
마천방화,방화하남검단산,마천방화,방화마천
15:03,15:00,17:27,17:30
하남검단산방화,방화마천,하남검단산방화,방화하남검단산
15:10,15:06,17:34,17:37
마천방화,방화하남검단산,마천방화,방화마천
15:16,15:13,17:40,17:43
하남검단산방화,방화마천,하남검단산방화,방화하남검단산
15:23,15:19,17:47,17:50
마천방화,방화하남검단산,마천방화,방화마천
15:29,15:26,17:53,17:56
하남검단산방화,방화마천,하남검단산방화,방화하남검단산
15:36,15:32,18:00,18:03
마천방화,방화하남검단산,마천방화,방화마천
15:42,15:39,18:06,18:09
하남검단산방화,방화마천,하남검단산방화,방화하남검단산
15:49,15:45,18:13,18:16
마천방화,방화하남검단산,마천방화,방화마천
15:55,15:52,18:19,18:22
하남검단산방화,방화마천,하남검단산방화,방화하남검단산
,15:58,18:26,18:29
,방화하남검단산,마천방화,방화마천
16:02,16:05,18:32,18:35
마천방화,방화마천,하남검단산방화,방화하남검단산
16:08,16:11,18:39,18:42
하남검단산방화,방화하남검단산,마천방화,방화마천
16:15,16:18,18:45,18:48
마천방화,방화마천,하남검단산방화,방화하남검단산
16:21,16:24,18:52,18:55
하남검단산방화,방화하남검단산,마천방화,방화마천
16:28,16:31,18:58,
마천방화,방화마천,하남검단산방화,
16:34,16:37,19:05,19:01
하남검단산방화,방화하남검단산,마천방화,방화하남검단산
16:41,16:44,19:11,19:08
마천방화,방화마천,하남검단산방화,방화마천
16:47,16:50,19:18,19:14
하남검단산방화,방화하남검단산,마천방화,방화하남검단산
16:54,16:56,19:24,19:21
마천방화,방화마천,하남검단산방화,방화마천
17:00,17:02,19:31,19:27
하남검단산방화,방화하남검단산,마천방화,방화하남검단산
17:07,17:08,19:37,19:34
마천방화,방화마천,하남검단산방화,방화마천
17:13,17:14,19:44,19:40
하남검단산방화,방화하남검단산,마천방화,방화하남검단산
17:20,17:19,19:50,19:47
마천방화,방화마천,하남검단산방화,방화마천
17:26,17:24,19:57,19:53
하남검단산방화,방화하남검단산,마천방화,방화하남검단산
17:33,17:28,20:03,20:00
마천방화,방화마천,하남검단산방화,방화마천
17:39,17:32,20:10,20:06
하남검단산방화,방화하남검단산,마천방화,방화하남검단산
17:46,17:36,20:16,20:13
마천방화,방화마천,하남검단산방화,방화마천
17:52,17:40,20:23,20:19
하남검단산방화,방화하남검단산,마천방화,방화하남검단산
17:59,17:43,20:29,20:26
마천방화,방화마천,하남검단산방화,방화마천
,17:47,20:36,20:32
,방화하남검단산,마천방화,방화하남검단산
,17:50,20:42,20:39
,방화마천,하남검단산방화,방화마천
,17:54,20:49,20:45
,방화하남검단산,마천방화,방화하남검단산
,17:57,20:55,20:52
,방화마천,하남검단산방화,방화마천
18:05,18:00,,20:58
하남검단산방화,방화하남검단산,,방화하남검단산
18:10,18:03,21:02,21:05
마천방화,방화마천,마천방화,방화마천
18:15,18:06,21:08,21:11
하남검단산방화,방화하남검단산,하남검단산방화,방화하남검단산
18:19,18:09,21:15,21:18
마천방화,방화마천,마천방화,방화마천
18:23,18:12,21:21,21:24
하남검단산방화,방화하남검단산,하남검단산방화,방화하남검단산
18:27,18:15,21:28,21:31
마천방화,방화마천,마천방화,방화마천
18:31,18:18,21:34,21:37
상일동방화,방화하남검단산,하남검단산방화,방화하남검단산
18:35,18:21,21:41,21:44
마천방화,방화마천,마천방화,방화마천
18:39,18:24,21:47,21:50
하남검단산방화,방화하남검단산,하남검단산방화,방화하남검단산
18:43,18:27,21:54,21:57
마천방화,방화마천,마천방화,방화마천
18:46,18:30,22:00,22:04
하남검단산방화,방화하남검단산,하남검단산방화,방화하남검단산
18:50,18:33,22:07,22:11
마천방화,방화마천,마천방화,방화마천
18:53,18:37,22:13,22:19
상일동방화,방화하남검단산,하남검단산방화,방화하남검단산
18:56,18:42,22:20,22:26
마천방화,방화마천,마천방화,방화마천
18:59,18:47,22:26,22:34
하남검단산방화,방화하남검단산,하남검단산방화,방화상일동
,18:52,22:33,22:42
,방화마천,마천방화,방화마천
,18:57,22:39,22:50막
,방화하남검단산,하남검단산방화,방화하남검단산
19:02,19:03,22:46,22:58막
마천방화,방화마천,마천방화,방화마천
19:06,19:09,22:53,
하남검단산방화,방화하남검단산,하남검단산방화,
19:09,19:15,23:00,23:08
마천방화,방화마천,마천방화,방화상일동
19:13,19:22,23:08,23:16막
하남검단산방화,방화하남검단산,하남검단산방화,방화상일동
19:17,19:28,23:17,23:24막
마천방화,방화마천,마천방화,방화군자
19:21,19:35,23:26,23:32막
상일동방화,방화하남검단산,하남검단산방화,방화왕십리
19:26,19:41,23:36,23:44막
마천방화,방화마천,마천방화,방화애오개
19:30,19:49,23:46막,
하남검단산방화,방화하남검단산,하남검단산방화,
19:34,19:54,23:58막,
마천방화,방화마천,마천화곡,
19:39,,,
하남검단산방화,,,
19:45,,,
마천방화,,,
19:51,,,
하남검단산방화,,,
19:57,,,
마천방화,,,
20:04,20:01,,
하남검단산방화,방화하남검단산,,
20:10,20:07,,
마천방화,방화마천,,
20:17,20:14,,
하남검단산방화,방화하남검단산,,
20:23,20:20,,
마천방화,방화마천,,
20:30,20:27,,
하남검단산방화,방화하남검단산,,
20:36,20:33,,
마천방화,방화마천,,
20:43,20:40,,
하남검단산방화,방화하남검단산,,
20:49,20:46,,
마천방화,방화마천,,
20:56,20:53,,
하남검단산방화,방화하남검단산,,
,20:59,,
,방화마천,,
21:02,21:06,,
마천방화,방화하남검단산,,
21:09,21:12,,
하남검단산방화,방화마천,,
21:15,21:19,,
마천방화,방화하남검단산,,
21:22,21:25,,
하남검단산방화,방화마천,,
21:28,21:32,,
마천방화,방화하남검단산,,
21:35,21:38,,
하남검단산방화,방화마천,,
21:41,21:45,,
마천방화,방화하남검단산,,
21:48,21:51,,
하남검단산방화,방화마천,,
21:54,21:58,,
마천방화,방화하남검단산,,
22:01,22:04,,
하남검단산방화,방화마천,,
22:07,22:13,,
마천방화,방화하남검단산,,
22:14,22:20,,
하남검단산방화,방화마천,,
22:20,22:28,,
마천방화,방화하남검단산,,
22:27,22:35,,
하남검단산방화,방화마천,,
22:34,22:44,,
마천방화,방화하남검단산,,
22:41,22:52,,
하남검단산방화,방화마천,,
22:48,,,
마천방화,,,
22:55,,,
하남검단산방화,,,
23:02,23:00,,
마천방화,방화하남검단산,,
23:10,23:09,,
하남검단산방화,방화마천,,
23:18,23:18,,
마천방화,방화하남검단산,,
23:26,23:27,,
하남검단산방화,방화마천,,
23:34,23:36막,,
마천방화,방화하남검단산,,
23:44,23:44막,,
하남검단산방화,방화마천,,
23:56,23:52,,
마천방화,방화군자,,
0:08,00:00막,,
하남검단산방화,방화상일동,,
0:21,00:18막,,
마천방화,방화군자,,
00:35막,00:38막,,
하남검단산방화,방화애오개,,
