삼성중앙방면,종합운동장방면,삼성중앙방면,종합운동장방면
평일,평일,주말,주말
05:35첫,05:38첫,05:35첫,05:37첫
삼전개화,신논현중앙보훈병원,삼전개화,신논현중앙보훈병원
5:50,5:50,5:52,5:48
중앙보훈병원개화,동작중앙보훈병원,중앙보훈병원개화,동작중앙보훈병원
-,05:54급첫,-,05:53급첫
-,당산중앙보훈병원,-,당산중앙보훈병원
6:03,6:04,6:04,6:01
중앙보훈병원개화,여의도중앙보훈병원,중앙보훈병원개화,여의도중앙보훈병원
06:07급첫,06:08급,06:12급첫,06:05급
중앙보훈병원김포공항,김포공항중앙보훈병원,중앙보훈병원김포공항,김포공항중앙보훈병원
6:16,6:16,6:17,6:13
중앙보훈병원개화,염창중앙보훈병원,중앙보훈병원개화,염창중앙보훈병원
06:20급,06:21급,06:25급,06:17급
중앙보훈병원김포공항,김포공항중앙보훈병원,중앙보훈병원김포공항,김포공항중앙보훈병원
6:29,6:27,6:30,6:24
중앙보훈병원개화,마곡나루중앙보훈병원,중앙보훈병원개화,마곡나루중앙보훈병원
06:33급,06:31급,06:37급,06:28급
중앙보훈병원김포공항,김포공항중앙보훈병원,중앙보훈병원김포공항,김포공항중앙보훈병원
6:42,6:38,6:42,6:35
중앙보훈병원개화,개화중앙보훈병원,중앙보훈병원개화,개화중앙보훈병원
06:46급,06:42급,06:49급,06:40급
중앙보훈병원김포공항,김포공항중앙보훈병원,중앙보훈병원김포공항,김포공항중앙보훈병원
6:55,6:50,6:54,6:47
중앙보훈병원개화,개화중앙보훈병원,중앙보훈병원개화,개화중앙보훈병원
06:59급,06:54급,-,06:52급
중앙보훈병원김포공항,김포공항중앙보훈병원,-,김포공항중앙보훈병원
7:08,7:02,-,6:59
중앙보훈병원개화,개화중앙보훈병원,-,개화중앙보훈병원
07:12급,07:06급,07:01급,07:04급
중앙보훈병원김포공항,김포공항중앙보훈병원,중앙보훈병원김포공항,김포공항중앙보훈병원
7:16,7:14,7:06,7:11
중앙보훈병원개화,개화중앙보훈병원,중앙보훈병원개화,개화중앙보훈병원
07:24급,07:19급,07:13급,07:16급
중앙보훈병원김포공항,김포공항중앙보훈병원,중앙보훈병원김포공항,김포공항중앙보훈병원
7:28,7:23,7:18,7:23
중앙보훈병원개화,개화중앙보훈병원,중앙보훈병원개화,개화중앙보훈병원
07:36급,07:27급,07:25급,07:28급
중앙보훈병원김포공항,김포공항중앙보훈병원,중앙보훈병원김포공항,김포공항중앙보훈병원
7:40,7:32,7:30,7:35
중앙보훈병원개화,개화중앙보훈병원,중앙보훈병원개화,개화중앙보훈병원
7:46,07:35급,07:37급,07:40급
중앙보훈병원개화,김포공항중앙보훈병원,중앙보훈병원김포공항,김포공항중앙보훈병원
07:48급,7:39,7:42,7:47
중앙보훈병원김포공항,개화중앙보훈병원,중앙보훈병원개화,개화중앙보훈병원
7:55,07:43급,07:49급,07:52급
중앙보훈병원개화,김포공항중앙보훈병원,중앙보훈병원김포공항,김포공항중앙보훈병원
07:59급,7:46,7:54,7:59
중앙보훈병원김포공항,개화중앙보훈병원,중앙보훈병원개화,개화중앙보훈병원
-,07:50급,08:01급,08:04급
-,김포공항중앙보훈병원,중앙보훈병원김포공항,김포공항중앙보훈병원
-,7:53,8:06,8:11
-,개화중앙보훈병원,중앙보훈병원개화,개화중앙보훈병원
-,07:56급,08:13급,08:16급
-,김포공항중앙보훈병원,중앙보훈병원김포공항,김포공항중앙보훈병원
8:03,8:00,8:18,8:23
중앙보훈병원개화,개화중앙보훈병원,중앙보훈병원개화,개화중앙보훈병원
08:08급,08:03급,08:25급,08:28급
중앙보훈병원김포공항,김포공항중앙보훈병원,중앙보훈병원김포공항,김포공항중앙보훈병원
8:12,8:07,8:30,8:35
중앙보훈병원개화,개화중앙보훈병원,중앙보훈병원개화,개화중앙보훈병원
08:17급,08:10급,08:37급,08:40급
중앙보훈병원김포공항,김포공항중앙보훈병원,중앙보훈병원김포공항,김포공항중앙보훈병원
8:21,8:14,8:42,8:47
중앙보훈병원개화,개화중앙보훈병원,중앙보훈병원개화,개화중앙보훈병원
08:25급,08:17급,08:49급,08:52급
중앙보훈병원김포공항,김포공항중앙보훈병원,중앙보훈병원김포공항,김포공항중앙보훈병원
8:28,8:20,8:54,8:59
중앙보훈병원개화,개화중앙보훈병원,중앙보훈병원개화,개화중앙보훈병원
08:32급,08:24급,09:01급,09:04급
중앙보훈병원김포공항,김포공항중앙보훈병원,중앙보훈병원김포공항,김포공항중앙보훈병원
8:35,8:27,9:06,9:11
중앙보훈병원개화,개화중앙보훈병원,중앙보훈병원개화,개화중앙보훈병원
08:39급,08:31급,09:13급,09:16급
중앙보훈병원김포공항,김포공항중앙보훈병원,중앙보훈병원김포공항,김포공항중앙보훈병원
8:42,8:34,9:18,9:23
중앙보훈병원개화,개화중앙보훈병원,중앙보훈병원개화,개화중앙보훈병원
08:46급,08:37급,09:25급,09:28급
중앙보훈병원김포공항,김포공항중앙보훈병원,중앙보훈병원김포공항,김포공항중앙보훈병원
8:49,8:41,9:30,9:35
중앙보훈병원개화,개화중앙보훈병원,중앙보훈병원개화,개화중앙보훈병원
08:52급,08:44급,09:37급,09:40급
중앙보훈병원김포공항,김포공항중앙보훈병원,중앙보훈병원김포공항,김포공항중앙보훈병원
8:56,8:48,9:42,9:47
중앙보훈병원개화,개화중앙보훈병원,중앙보훈병원개화,개화중앙보훈병원
08:59급,08:51급,09:49급,09:52급
중앙보훈병원김포공항,김포공항중앙보훈병원,중앙보훈병원김포공항,김포공항중앙보훈병원
-,8:55,9:54,9:59
-,개화중앙보훈병원,중앙보훈병원개화,개화중앙보훈병원
-,08:58급,10:01급,10:03급
-,김포공항중앙보훈병원,중앙보훈병원김포공항,김포공항중앙보훈병원
9:02,9:01,10:06,10:10
중앙보훈병원개화,개화중앙보훈병원,중앙보훈병원개화,개화중앙보훈병원
09:06급,09:05급,10:13급,10:14급
중앙보훈병원김포공항,김포공항중앙보훈병원,중앙보훈병원김포공항,김포공항중앙보훈병원
9:09,9:08,10:17,10:21
중앙보훈병원개화,개화중앙보훈병원,중앙보훈병원개화,개화중앙보훈병원
09:13급,09:12급,10:24급,10:25급
중앙보훈병원김포공항,김포공항중앙보훈병원,중앙보훈병원김포공항,김포공항중앙보훈병원
9:16,9:15,10:28,10:32
중앙보훈병원개화,개화중앙보훈병원,중앙보훈병원개화,개화중앙보훈병원
09:20급,09:18급,10:35급,10:36급
중앙보훈병원김포공항,김포공항중앙보훈병원,중앙보훈병원김포공항,김포공항중앙보훈병원
9:23,9:22,10:39,10:43
중앙보훈병원개화,개화중앙보훈병원,중앙보훈병원개화,개화중앙보훈병원
09:27급,09:25급,10:46급,10:47급
중앙보훈병원김포공항,김포공항중앙보훈병원,중앙보훈병원김포공항,김포공항중앙보훈병원
9:30,9:29,10:50,10:54
중앙보훈병원개화,개화중앙보훈병원,중앙보훈병원개화,개화중앙보훈병원
09:33급,9:34,10:57급,10:58급
중앙보훈병원김포공항,개화중앙보훈병원,중앙보훈병원김포공항,김포공항중앙보훈병원
9:37,09:36급,11:01,11:05
중앙보훈병원개화,김포공항중앙보훈병원,중앙보훈병원개화,개화중앙보훈병원
09:40급,9:42,11:08급,11:09급
중앙보훈병원김포공항,개화중앙보훈병원,중앙보훈병원김포공항,김포공항중앙보훈병원
9:43,09:46급,11:12,11:16
중앙보훈병원개화,김포공항중앙보훈병원,중앙보훈병원개화,개화중앙보훈병원
09:47급,9:53,11:19급,11:20급
중앙보훈병원김포공항,개화중앙보훈병원,중앙보훈병원김포공항,김포공항중앙보훈병원
9:50,09:57급,11:23,11:27
중앙보훈병원개화,김포공항중앙보훈병원,중앙보훈병원개화,개화중앙보훈병원
09:54급,-,11:30급,11:31급
중앙보훈병원김포공항,-,중앙보훈병원김포공항,김포공항중앙보훈병원
9:57,-,11:34,11:38
중앙보훈병원개화,-,중앙보훈병원개화,개화중앙보훈병원
10:01급,10:04,11:41급,11:42급
중앙보훈병원김포공항,개화중앙보훈병원,중앙보훈병원김포공항,김포공항중앙보훈병원
10:04,10:08급,11:45,11:49
중앙보훈병원개화,김포공항중앙보훈병원,중앙보훈병원개화,개화중앙보훈병원
10:08급,10:15,11:52급,11:53급
중앙보훈병원김포공항,개화중앙보훈병원,중앙보훈병원김포공항,김포공항중앙보훈병원
10:12,10:19급,11:56,-
중앙보훈병원개화,김포공항중앙보훈병원,중앙보훈병원개화,-
10:16급,10:26,12:03급,12:00
중앙보훈병원김포공항,개화중앙보훈병원,중앙보훈병원김포공항,개화중앙보훈병원
10:20,10:30급,12:07,12:04급
중앙보훈병원개화,김포공항중앙보훈병원,중앙보훈병원개화,김포공항중앙보훈병원
10:26,10:37,12:14급,12:11
중앙보훈병원개화,개화중앙보훈병원,중앙보훈병원김포공항,개화중앙보훈병원
10:28급,10:41급,12:18,12:15급
중앙보훈병원김포공항,김포공항중앙보훈병원,중앙보훈병원개화,김포공항중앙보훈병원
10:32,10:48,12:25급,12:22
중앙보훈병원개화,개화중앙보훈병원,중앙보훈병원김포공항,개화중앙보훈병원
10:37급,10:52급,12:29,12:26급
중앙보훈병원김포공항,김포공항중앙보훈병원,중앙보훈병원개화,김포공항중앙보훈병원
10:41,10:59,12:36급,12:33
중앙보훈병원개화,개화중앙보훈병원,중앙보훈병원김포공항,개화중앙보훈병원
10:49급,-,12:40,12:37급
중앙보훈병원김포공항,-,중앙보훈병원개화,김포공항중앙보훈병원
10:53,-,12:47급,12:44
중앙보훈병원개화,-,중앙보훈병원김포공항,개화중앙보훈병원
11:01급,11:03급,12:51,12:48급
중앙보훈병원김포공항,김포공항중앙보훈병원,중앙보훈병원개화,김포공항중앙보훈병원
11:04,11:10,12:58급,12:55
중앙보훈병원개화,개화중앙보훈병원,중앙보훈병원김포공항,개화중앙보훈병원
11:12급,11:14급,-,12:59급
중앙보훈병원김포공항,김포공항중앙보훈병원,-,김포공항중앙보훈병원
11:15,11:21,13:02,13:06
중앙보훈병원개화,개화중앙보훈병원,중앙보훈병원개화,개화중앙보훈병원
11:23급,11:25급,13:09급,13:10급
중앙보훈병원김포공항,김포공항중앙보훈병원,중앙보훈병원김포공항,김포공항중앙보훈병원
11:26,11:32,13:13,13:17
중앙보훈병원개화,개화중앙보훈병원,중앙보훈병원개화,개화중앙보훈병원
11:34급,11:36급,13:20급,13:21급
중앙보훈병원김포공항,김포공항중앙보훈병원,중앙보훈병원김포공항,김포공항중앙보훈병원
11:37,11:43,13:24,13:28
중앙보훈병원개화,개화중앙보훈병원,중앙보훈병원개화,개화중앙보훈병원
11:45급,11:47급,13:31급,13:32급
중앙보훈병원김포공항,김포공항중앙보훈병원,중앙보훈병원김포공항,김포공항중앙보훈병원
11:48,11:54,13:35,13:39
중앙보훈병원개화,개화중앙보훈병원,중앙보훈병원개화,개화중앙보훈병원
11:56급,11:58급,13:42급,13:43급
중앙보훈병원김포공항,김포공항중앙보훈병원,중앙보훈병원김포공항,김포공항중앙보훈병원
11:59,-,13:46,13:50
중앙보훈병원개화,-,중앙보훈병원개화,개화중앙보훈병원
12:07급,12:06,13:53급,13:54급
중앙보훈병원김포공항,개화중앙보훈병원,중앙보훈병원김포공항,김포공항중앙보훈병원
12:10,12:10급,13:57,-
중앙보훈병원개화,김포공항중앙보훈병원,중앙보훈병원개화,-
12:18급,12:17,14:04급,14:01
중앙보훈병원김포공항,개화중앙보훈병원,중앙보훈병원김포공항,개화중앙보훈병원
12:21,12:22급,14:08,14:05급
중앙보훈병원개화,김포공항중앙보훈병원,중앙보훈병원개화,김포공항중앙보훈병원
12:29급,12:29,14:15급,14:12
중앙보훈병원김포공항,개화중앙보훈병원,중앙보훈병원김포공항,개화중앙보훈병원
12:32,12:33급,14:19,14:16급
중앙보훈병원개화,김포공항중앙보훈병원,중앙보훈병원개화,김포공항중앙보훈병원
12:40급,12:40,14:26급,14:23
중앙보훈병원김포공항,개화중앙보훈병원,중앙보훈병원김포공항,개화중앙보훈병원
12:43,12:44급,14:30,14:27급
중앙보훈병원개화,김포공항중앙보훈병원,중앙보훈병원개화,김포공항중앙보훈병원
12:51급,12:51,14:37급,14:34
중앙보훈병원김포공항,개화중앙보훈병원,중앙보훈병원김포공항,개화중앙보훈병원
12:55,12:55급,14:41,14:38급
중앙보훈병원개화,김포공항중앙보훈병원,중앙보훈병원개화,김포공항중앙보훈병원
13:03급,13:02,14:48급,14:45
중앙보훈병원김포공항,개화중앙보훈병원,중앙보훈병원김포공항,개화중앙보훈병원
13:07,13:06급,14:52,14:49급
중앙보훈병원개화,김포공항중앙보훈병원,중앙보훈병원개화,김포공항중앙보훈병원
13:15급,13:13,14:59급,14:56
중앙보훈병원김포공항,개화중앙보훈병원,중앙보훈병원김포공항,개화중앙보훈병원
13:18,13:17급,15:03,15:00급
중앙보훈병원개화,김포공항중앙보훈병원,중앙보훈병원개화,김포공항중앙보훈병원
13:25급,13:24,15:10급,15:07
중앙보훈병원김포공항,개화중앙보훈병원,중앙보훈병원김포공항,개화중앙보훈병원
13:29,13:28급,15:14,15:11급
중앙보훈병원개화,김포공항중앙보훈병원,중앙보훈병원개화,김포공항중앙보훈병원
13:36급,13:35,15:21급,15:18
중앙보훈병원김포공항,개화중앙보훈병원,중앙보훈병원김포공항,개화중앙보훈병원
13:40,13:39급,15:25,15:22급
중앙보훈병원개화,김포공항중앙보훈병원,중앙보훈병원개화,김포공항중앙보훈병원
13:47급,13:46,15:32급,15:29
중앙보훈병원김포공항,개화중앙보훈병원,중앙보훈병원김포공항,개화중앙보훈병원
13:51,13:50급,15:36,15:33급
중앙보훈병원개화,김포공항중앙보훈병원,중앙보훈병원개화,김포공항중앙보훈병원
13:58급,13:57,15:43급,15:40
중앙보훈병원김포공항,개화중앙보훈병원,중앙보훈병원김포공항,개화중앙보훈병원
14:02,14:01급,15:47,15:44급
중앙보훈병원개화,김포공항중앙보훈병원,중앙보훈병원개화,김포공항중앙보훈병원
14:09급,14:08,15:54급,15:51
중앙보훈병원김포공항,개화중앙보훈병원,중앙보훈병원김포공항,개화중앙보훈병원
14:13,14:12급,15:58,15:55급
중앙보훈병원개화,김포공항중앙보훈병원,중앙보훈병원개화,김포공항중앙보훈병원
14:20급,14:19,16:05급,16:02
중앙보훈병원김포공항,개화중앙보훈병원,중앙보훈병원김포공항,개화중앙보훈병원
14:24,14:23급,16:09,16:06급
중앙보훈병원개화,김포공항중앙보훈병원,중앙보훈병원개화,김포공항중앙보훈병원
14:31급,14:30,16:16급,16:13
중앙보훈병원김포공항,개화중앙보훈병원,중앙보훈병원김포공항,개화중앙보훈병원
14:35,14:34급,16:20,16:17급
중앙보훈병원개화,김포공항중앙보훈병원,중앙보훈병원개화,김포공항중앙보훈병원
14:42급,14:41,16:27급,16:24
중앙보훈병원김포공항,개화중앙보훈병원,중앙보훈병원김포공항,개화중앙보훈병원
14:46,14:46급,16:31,16:28급
중앙보훈병원개화,김포공항중앙보훈병원,중앙보훈병원개화,김포공항중앙보훈병원
14:53급,14:53,16:38급,16:35
중앙보훈병원김포공항,개화중앙보훈병원,중앙보훈병원김포공항,개화중앙보훈병원
14:57,14:57급,16:42,16:39급
중앙보훈병원개화,김포공항중앙보훈병원,중앙보훈병원개화,김포공항중앙보훈병원
15:04급,15:05,16:49급,16:46
중앙보훈병원김포공항,개화중앙보훈병원,중앙보훈병원김포공항,개화중앙보훈병원
15:08,15:09급,16:53,16:50급
중앙보훈병원개화,김포공항중앙보훈병원,중앙보훈병원개화,김포공항중앙보훈병원
15:15급,15:16,-,16:57
중앙보훈병원김포공항,개화중앙보훈병원,-,개화중앙보훈병원
15:19,15:20급,17:00급,17:01급
중앙보훈병원개화,김포공항중앙보훈병원,중앙보훈병원김포공항,김포공항중앙보훈병원
15:26급,15:27,17:04,17:08
중앙보훈병원김포공항,개화중앙보훈병원,중앙보훈병원개화,개화중앙보훈병원
15:30,15:31급,17:11급,17:12급
중앙보훈병원개화,김포공항중앙보훈병원,중앙보훈병원김포공항,김포공항중앙보훈병원
15:38급,15:38,17:15,17:19
중앙보훈병원김포공항,개화중앙보훈병원,중앙보훈병원개화,개화중앙보훈병원
15:42,15:42급,17:22급,17:23급
중앙보훈병원개화,김포공항중앙보훈병원,중앙보훈병원김포공항,김포공항중앙보훈병원
15:50급,15:49,17:26,17:30
중앙보훈병원김포공항,개화중앙보훈병원,중앙보훈병원개화,개화중앙보훈병원
15:54,15:53급,17:33급,17:34급
중앙보훈병원개화,김포공항중앙보훈병원,중앙보훈병원김포공항,김포공항중앙보훈병원
16:01급,16:00,17:37,17:41
중앙보훈병원김포공항,개화중앙보훈병원,중앙보훈병원개화,개화중앙보훈병원
16:05,16:04급,17:44급,17:45급
중앙보훈병원개화,김포공항중앙보훈병원,중앙보훈병원김포공항,김포공항중앙보훈병원
16:12급,16:11,17:48,17:52
중앙보훈병원김포공항,개화중앙보훈병원,중앙보훈병원개화,개화중앙보훈병원
16:16,16:15급,17:55급,17:56급
중앙보훈병원개화,김포공항중앙보훈병원,중앙보훈병원김포공항,김포공항중앙보훈병원
16:23급,16:22,17:59,-
중앙보훈병원김포공항,개화중앙보훈병원,중앙보훈병원개화,-
16:27,16:26급,18:06급,18:03
중앙보훈병원개화,김포공항중앙보훈병원,중앙보훈병원김포공항,개화중앙보훈병원
16:34급,16:33,18:10,18:07급
중앙보훈병원김포공항,개화중앙보훈병원,중앙보훈병원개화,김포공항중앙보훈병원
16:38,16:37급,18:17급,18:14
중앙보훈병원개화,김포공항중앙보훈병원,중앙보훈병원김포공항,개화중앙보훈병원
16:45급,16:44,18:21,18:18급
중앙보훈병원김포공항,개화중앙보훈병원,중앙보훈병원개화,김포공항중앙보훈병원
16:49,16:48급,18:28급,18:25
중앙보훈병원개화,김포공항중앙보훈병원,중앙보훈병원김포공항,개화중앙보훈병원
16:56급,16:52,18:32,18:29급
중앙보훈병원김포공항,개화중앙보훈병원,중앙보훈병원개화,김포공항중앙보훈병원
-,16:55,18:39급,18:36
-,개화중앙보훈병원,중앙보훈병원김포공항,개화중앙보훈병원
-,16:59급,18:43,18:40급
-,김포공항중앙보훈병원,중앙보훈병원개화,김포공항중앙보훈병원
17:00,17:06,18:50급,18:47
중앙보훈병원개화,개화중앙보훈병원,중앙보훈병원김포공항,개화중앙보훈병원
17:07급,17:10급,18:54,18:51급
중앙보훈병원김포공항,김포공항중앙보훈병원,중앙보훈병원개화,김포공항중앙보훈병원
17:11,17:17,-,18:58
중앙보훈병원개화,개화중앙보훈병원,-,개화중앙보훈병원
17:18급,17:21급,19:01급,19:02급
중앙보훈병원김포공항,김포공항중앙보훈병원,중앙보훈병원김포공항,김포공항중앙보훈병원
17:22,17:25,19:05,19:09
중앙보훈병원개화,개화중앙보훈병원,중앙보훈병원개화,개화중앙보훈병원
17:29급,17:29급,19:12급,19:13급
중앙보훈병원김포공항,김포공항중앙보훈병원,중앙보훈병원김포공항,김포공항중앙보훈병원
17:33,17:33,19:16,19:20
중앙보훈병원개화,개화중앙보훈병원,중앙보훈병원개화,개화중앙보훈병원
17:40급,17:37급,19:23급,19:24급
중앙보훈병원김포공항,김포공항중앙보훈병원,중앙보훈병원김포공항,김포공항중앙보훈병원
17:44,17:41,19:27,19:31
중앙보훈병원개화,개화중앙보훈병원,중앙보훈병원개화,개화중앙보훈병원
17:49,17:45급,19:34급,19:35급
중앙보훈병원개화,김포공항중앙보훈병원,중앙보훈병원김포공항,김포공항중앙보훈병원
17:51급,17:49,19:38,19:42
중앙보훈병원김포공항,개화중앙보훈병원,중앙보훈병원개화,개화중앙보훈병원
17:56,17:52급,19:45급,19:46급
중앙보훈병원개화,김포공항중앙보훈병원,중앙보훈병원김포공항,김포공항중앙보훈병원
-,17:56,19:49,19:53
-,개화중앙보훈병원,중앙보훈병원개화,개화중앙보훈병원
-,17:59급,19:56급,19:57급
-,김포공항중앙보훈병원,중앙보훈병원김포공항,김포공항중앙보훈병원
18:02급,18:03,20:00,20:04
중앙보훈병원김포공항,개화중앙보훈병원,중앙보훈병원개화,개화중앙보훈병원
18:06,18:06급,20:07급,20:08급
중앙보훈병원개화,김포공항중앙보훈병원,중앙보훈병원김포공항,김포공항중앙보훈병원
18:10급,18:10,20:11,20:15
중앙보훈병원김포공항,개화중앙보훈병원,중앙보훈병원개화,개화중앙보훈병원
18:14,18:13급,20:18급,20:19급
중앙보훈병원개화,김포공항중앙보훈병원,중앙보훈병원김포공항,김포공항중앙보훈병원
18:18급,18:17,20:22,20:26
중앙보훈병원김포공항,개화중앙보훈병원,중앙보훈병원개화,개화중앙보훈병원
18:22,18:21급,20:29급,20:30급
중앙보훈병원개화,김포공항중앙보훈병원,중앙보훈병원김포공항,김포공항중앙보훈병원
18:26급,18:24,20:33,20:37
중앙보훈병원김포공항,개화중앙보훈병원,중앙보훈병원개화,개화중앙보훈병원
18:30,18:28급,20:40급,20:41급
중앙보훈병원개화,김포공항중앙보훈병원,중앙보훈병원김포공항,김포공항중앙보훈병원
18:34급,18:32,20:44,20:48
중앙보훈병원김포공항,개화중앙보훈병원,중앙보훈병원개화,개화중앙보훈병원
18:37,18:35급,20:51급,20:53급
중앙보훈병원개화,김포공항중앙보훈병원,중앙보훈병원김포공항,김포공항중앙보훈병원
18:41급,18:39,20:55,-
중앙보훈병원김포공항,개화중앙보훈병원,중앙보훈병원개화,-
18:45,18:42급,21:02급,21:00
중앙보훈병원개화,김포공항중앙보훈병원,중앙보훈병원김포공항,개화중앙보훈병원
18:48급,18:46,21:06,21:05급
중앙보훈병원김포공항,개화중앙보훈병원,중앙보훈병원개화,김포공항중앙보훈병원
18:52,18:49급,21:13급,21:12
중앙보훈병원개화,김포공항중앙보훈병원,중앙보훈병원김포공항,개화중앙보훈병원
18:55급,18:53,21:17,21:17급
중앙보훈병원김포공항,개화중앙보훈병원,중앙보훈병원개화,김포공항중앙보훈병원
18:59,18:56급,21:24급,21:24
중앙보훈병원개화,김포공항중앙보훈병원,중앙보훈병원김포공항,개화중앙보훈병원
19:03급,19:00,21:28,21:29급
중앙보훈병원김포공항,개화중앙보훈병원,중앙보훈병원개화,김포공항중앙보훈병원
19:06,19:04급,21:35급,21:36
중앙보훈병원개화,김포공항중앙보훈병원,중앙보훈병원김포공항,개화중앙보훈병원
19:10급,19:07,21:40,21:41급
중앙보훈병원김포공항,개화중앙보훈병원,중앙보훈병원개화,김포공항중앙보훈병원
19:13,19:11급,21:48급,21:48
중앙보훈병원개화,김포공항중앙보훈병원,중앙보훈병원김포공항,개화중앙보훈병원
19:17급,19:15,21:52,21:53급
중앙보훈병원김포공항,개화중앙보훈병원,중앙보훈병원개화,김포공항중앙보훈병원
19:20,19:18급,22:00급,22:00
중앙보훈병원개화,김포공항중앙보훈병원,중앙보훈병원김포공항,개화중앙보훈병원
19:24급,19:22,22:04,22:05급
중앙보훈병원김포공항,개화중앙보훈병원,중앙보훈병원개화,김포공항중앙보훈병원
19:28,19:25급,22:12급,22:12
중앙보훈병원개화,김포공항중앙보훈병원,중앙보훈병원김포공항,개화중앙보훈병원
19:31급,19:29,22:16,22:17급
중앙보훈병원김포공항,개화중앙보훈병원,중앙보훈병원개화,김포공항중앙보훈병원
19:35,19:32급,22:24급,22:24
중앙보훈병원개화,김포공항중앙보훈병원,중앙보훈병원김포공항,개화중앙보훈병원
19:38급,19:36,22:28,22:29급
중앙보훈병원김포공항,개화중앙보훈병원,중앙보훈병원개화,김포공항중앙보훈병원
19:42,19:39급,22:36급,22:37
중앙보훈병원개화,김포공항중앙보훈병원,중앙보훈병원김포공항,개화중앙보훈병원
19:46급,19:43,22:40,22:42급
중앙보훈병원김포공항,개화중앙보훈병원,중앙보훈병원개화,김포공항중앙보훈병원
19:49,19:47급,22:48급,22:50
중앙보훈병원개화,김포공항중앙보훈병원,중앙보훈병원김포공항,개화중앙보훈병원
19:53급,19:50,22:53,22:55급
중앙보훈병원김포공항,개화중앙보훈병원,중앙보훈병원개화,김포공항중앙보훈병원
19:56,19:54급,23:01급,23:03
중앙보훈병원개화,김포공항중앙보훈병원,중앙보훈병원김포공항,개화중앙보훈병원
-,19:59,23:06막,23:08급막
-,개화중앙보훈병원,중앙보훈병원개화,김포공항중앙보훈병원
20:00급,20:03급,23:14급,23:15
중앙보훈병원김포공항,김포공항중앙보훈병원,중앙보훈병원김포공항,개화중앙보훈병원
20:03,20:08,23:19막,23:25
중앙보훈병원개화,개화중앙보훈병원,중앙보훈병원염창,개화중앙보훈병원
20:07급,20:14,23:27급막,23:36
중앙보훈병원김포공항,개화중앙보훈병원,중앙보훈병원김포공항,개화중앙보훈병원
20:11,20:15급,23:32막,23:49막
중앙보훈병원개화,김포공항중앙보훈병원,중앙보훈병원여의도,개화중앙보훈병원
20:14급,20:22,23:42막,-
중앙보훈병원김포공항,개화중앙보훈병원,중앙보훈병원동작,-
20:18,20:26급,23:56막,-
중앙보훈병원개화,김포공항중앙보훈병원,중앙보훈병원신논현,-
20:21급,20:33,-,-
중앙보훈병원김포공항,개화중앙보훈병원,-,-
20:25,20:37급,-,-
중앙보훈병원개화,김포공항중앙보훈병원,-,-
20:29급,20:44,-,-
중앙보훈병원김포공항,개화중앙보훈병원,-,-
20:32,20:48급,-,-
중앙보훈병원개화,김포공항중앙보훈병원,-,-
20:36급,20:55,-,-
중앙보훈병원김포공항,개화중앙보훈병원,-,-
20:41,20:59급,-,-
중앙보훈병원개화,김포공항중앙보훈병원,-,-
20:46급,-,-,-
중앙보훈병원김포공항,-,-,-
20:50,-,-,-
중앙보훈병원개화,-,-,-
20:55,-,-,-
중앙보훈병원개화,-,-,-
20:57급,-,-,-
중앙보훈병원김포공항,-,-,-
21:01,21:06,-,-
중앙보훈병원개화,개화중앙보훈병원,-,-
21:08급,21:10급,-,-
중앙보훈병원김포공항,김포공항중앙보훈병원,-,-
21:12,21:17,-,-
중앙보훈병원개화,개화중앙보훈병원,-,-
21:19급,21:21급,-,-
중앙보훈병원김포공항,김포공항중앙보훈병원,-,-
21:23,21:28,-,-
중앙보훈병원개화,개화중앙보훈병원,-,-
21:30급,21:32급,-,-
중앙보훈병원김포공항,김포공항중앙보훈병원,-,-
21:34,21:39,-,-
중앙보훈병원개화,개화중앙보훈병원,-,-
21:41급,21:43급,-,-
중앙보훈병원김포공항,김포공항중앙보훈병원,-,-
21:45,21:50,-,-
중앙보훈병원개화,개화중앙보훈병원,-,-
21:52급,21:54급,-,-
중앙보훈병원김포공항,김포공항중앙보훈병원,-,-
21:56,-,-,-
중앙보훈병원개화,-,-,-
22:03급,22:01,-,-
중앙보훈병원김포공항,개화중앙보훈병원,-,-
22:07,22:05급,-,-
중앙보훈병원개화,김포공항중앙보훈병원,-,-
22:15급,22:12,-,-
중앙보훈병원김포공항,개화중앙보훈병원,-,-
22:19,22:16급,-,-
중앙보훈병원개화,김포공항중앙보훈병원,-,-
22:25급,22:23,-,-
중앙보훈병원김포공항,개화중앙보훈병원,-,-
22:28,22:27급,-,-
중앙보훈병원개화,김포공항중앙보훈병원,-,-
22:35급,22:34,-,-
중앙보훈병원김포공항,개화중앙보훈병원,-,-
22:39,22:38급,-,-
중앙보훈병원개화,김포공항중앙보훈병원,-,-
22:46급,22:45,-,-
중앙보훈병원김포공항,개화중앙보훈병원,-,-
22:50,22:49급,-,-
중앙보훈병원개화,김포공항중앙보훈병원,-,-
22:57급,22:56,-,-
중앙보훈병원김포공항,개화중앙보훈병원,-,-
23:01,23:00급,-,-
중앙보훈병원개화,김포공항중앙보훈병원,-,-
23:08급,23:07,-,-
중앙보훈병원김포공항,개화중앙보훈병원,-,-
23:12,23:11급,-,-
중앙보훈병원개화,김포공항중앙보훈병원,-,-
23:19급,23:18,-,-
중앙보훈병원김포공항,개화중앙보훈병원,-,-
23:23,23:22급,-,-
중앙보훈병원개화,김포공항중앙보훈병원,-,-
23:30급,23:29,-,-
중앙보훈병원김포공항,개화중앙보훈병원,-,-
23:34,23:33급,-,-
중앙보훈병원개화,김포공항중앙보훈병원,-,-
23:41급,23:40,-,-
중앙보훈병원김포공항,개화중앙보훈병원,-,-
23:45,23:44급,-,-
중앙보훈병원개화,김포공항중앙보훈병원,-,-
23:52급,23:51,-,-
중앙보훈병원김포공항,개화중앙보훈병원,-,-
23:56막,23:55급,-,-
중앙보훈병원개화,김포공항중앙보훈병원,-,-
00:03급,0:02,-,-
중앙보훈병원김포공항,개화중앙보훈병원,-,-
00:07막,00:06급막,-,-
중앙보훈병원마곡나루,김포공항중앙보훈병원,-,-
00:14급,0:13,-,-
중앙보훈병원김포공항,개화중앙보훈병원,-,-
00:18막,0:22,-,-
중앙보훈병원염창,개화중앙보훈병원,-,-
00:25급막,0:28,-,-
중앙보훈병원김포공항,개화중앙보훈병원,-,-
00:29막,00:42막,-,-
중앙보훈병원여의도,개화중앙보훈병원,-,-
00:39막,00:54막,-,-
중앙보훈병원동작,개화삼전,-,-
00:52막,-,-,-
중앙보훈병원신논현,-,-,-
